y	yend	x	xend
0	-20.0417776307763	0	0
0	-20.0417776307763	10	10
0	-20.0417776307763	20	20
0	-20.0417776307763	30	30
0	-20.0417776307763	40	40
0	-20.0417776307763	50	50
