intercept	slope
2.65583977299336	1.43225596944652
