y	yend	x	xend
0	-7.53651447288154	0	0
0	-7.53651447288154	10	10
0	-7.53651447288154	20	20
0	-7.53651447288154	30	30
0	-7.53651447288154	40	40
0	-7.53651447288154	50	50
